Actual Rent,Predicted Rent
45000.0,62610.79778105117
40000.0,28289.676679479388
381000.0,342410.0177986031
15000.0,15129.437780125349
310000.0,288239.2734236277
401000.0,380883.88250369567
305000.0,307106.3762470741
640000.0,465530.0992270081
9000.0,12107.873701163604
13000.0,31053.902725188073
301000.0,304211.27531827294
450000.0,492785.306992152
15000.0,12702.14318780858
85000.0,82903.14171619997
20000.0,17867.244308581587
546000.0,490914.7608467304
20000.0,21930.993021514645
120000.0,106559.91955171619
350000.0,315368.75360750343
35000.0,48110.72490407627
401000.0,445950.30072026985
401000.0,390404.6272910317
401000.0,501134.53840584157
31500.0,26657.15683136321
803999.9999999999,504001.20603144966
40000.0,42883.36810093021
401000.0,344151.43078332493
65000.0,49131.200356445646
274000.0,277447.1989107117
16500.0,18157.875832468548
16500.0,17648.29763679443
546000.0,451060.90417465597
12500.0,11960.482265140148
401000.0,343291.2396859273
504000.0,343852.9748141275
150000.0,174849.8487074259
35000.0,43030.01063759562
45000.0,30979.86943677763
401000.0,331666.5709906021
15000.0,17090.237576767362
17000.0,20251.760063625374
325000.0,389108.5986014305
50000.0,38113.746121934986
23500.0,19325.43637754569
15500.0,18350.388347049444
381000.0,339363.6610919911
235000.0,295317.65908252075
35000.0,36872.96104836613
32000.0,37167.56344070487
33000.0,26044.21420759037
30000.0,36558.33777016515
401000.0,370109.7780862126
401000.0,501499.2977081106
301000.0,273626.4246346805
17000.0,20443.59857969497
235000.0,293452.68537935585
401000.0,450549.0259965227
60000.0,57977.204269215974
17500.0,32913.58607440121
235000.0,256316.05240071117
301000.0,279368.69934413413
640000.0,501134.53840584157
301000.0,335290.4991580754
235000.0,275995.50434459763
27000.0,40430.21930617195
27000.0,29676.56228497604
401000.0,380883.88250369567
301000.0,295730.7504942222
22000.0,21148.338382140002
150000.0,52708.43307038559
85000.0,78868.0790321028
301000.0,341593.92277374427
301000.0,288843.75483414996
40000.0,40242.56008588094
45000.0,52114.449649086506
12500.0,12041.627824750105
401000.0,343852.9748141275
12000.0,10335.18918831017
30000.0,29676.56228497604
45000.0,38113.746121934986
549000.0,449179.87029371015
740000.0,301375.7566190415
301000.0,276166.6955019984
401000.0,370109.7780862126
60000.0,49704.9779517409
12000.0,12752.092549428815
40000.0,28396.020637653037
16000.0,28139.023942557287
301000.0,301441.9280613394
235000.0,301417.92801290005
301000.0,353922.9355154827
70000.0,87225.01822251818
235000.0,286167.2091178055
28000.0,24998.115319995253
200000.0,221925.290255544
130000.0,112485.70436507938
80000.0,97275.83065463953
1401000.0,1039123.7638565135
23500.0,28805.69456488729
301000.0,285968.08514286607
110000.00000000001,119782.2067099567
301000.0,283260.7798361591
35000.0,38168.40720827387
28000.0,31358.062696169807
401000.0,337752.6383330499
365000.0,370109.7780862126
65000.0,30170.866046093517
15000.0,15584.451337610657
35000.0,53176.46332711839
640000.0,513983.9941729313
301000.0,471184.2017081513
408000.0,517027.2459108929
235000.0,294479.0836252667
25000.0,14316.981350657208
549000.0,502507.88371690153
301000.0,342410.0177986031
301000.0,275211.5331178407
15000.0,19599.813435189164
235000.0,280209.9061688634
441000.0,451517.4927326085
546000.0,451981.4970712331
301000.0,449179.87029371015
40000.0,31004.01718778106
235000.0,288208.11664693576
72000.0,63039.69668981085
404000.0,380883.88250369567
401000.0,451780.4694045833
32500.0,26657.15683136321
35000.0,46564.37370144701
20000.0,22323.065127909806
31000.0,37151.41383397323
235000.0,284105.4319832785
18000.0,20014.107329118586
1848000.0,1228938.5175842682
235000.0,274315.4675679518
301000.0,275571.4916028433
301000.0,290643.47713316954
28000.0,26465.581440271464
35000.0,46564.37370144701
8500.0,9834.990064784632
401000.0,335237.63040005753
235000.0,140060.49502930188
301000.0,281301.5314179374
15500.0,14482.714346560842
549000.0,450695.0749219502
17000.0,24407.220670145605
401000.0,335701.7242428296
30000.0,42562.85974640217
24000.0,25137.347551405568
395000.0,311596.6762428336
21000.0,24983.95490038032
356000.0,379669.89991891786
50000.0,106037.7006320671
401000.0,339036.63238347217
11000.0,13646.312468542683
301000.0,412599.2906815405
7600.0,8459.06786790062
301000.0,283005.65868690074
25000.0,23423.041019587814
235000.0,304475.9813792854
235000.0,135801.78795859482
401000.0,449179.87029371015
540000.0,450549.0259965227
408000.0,360001.011820293
100000.0,66836.45999429771
301000.0,335701.7242428296
301000.0,304211.27531827294
6000.0,11513.100139566946
58000.0,53300.840407387026
425000.0,450549.0259965227
55000.0,63316.74585178776
15000.0,11572.074381257875
301000.0,353922.9355154827
320000.0,304211.27531827294
12000.0,18133.827362620264
401000.0,339036.63238347217
235000.0,317897.5512093226
40000.0,42213.63401255839
235000.0,284792.2180483863
235000.0,286843.813985268
28000.0,14630.863961955212
301000.0,279368.69934413413
301000.0,274315.4675679518
1411000.0,1611005.5777833287
640000.0,451481.85703835246
401000.0,450549.0259965227
25000.0,11505.419781981833
200000.0,256316.05240071117
15000.0,12750.5016363953
35000.0,39853.616353455975
12000.0,15286.790168675234
401000.0,450549.0259965227
401000.0,295317.65908252075
301000.0,290643.47713316954
301000.0,286167.2091178055
48000.0,74678.25354846196
16000.0,24662.878637072026
18000.0,24564.97052752799
235000.0,277447.1989107117
235000.0,284313.2582598131
25000.0,26720.61141932812
18000.0,19033.174986978025
235000.0,276166.6955019984
25000.0,25649.701006662017
549000.0,460135.9519383171
301000.0,279368.69934413413
301000.0,286843.813985268
45000.0,53395.31596344485
48000.0,44925.27110972086
401000.0,450549.0259965227
30000.0,28029.390186343597
22500.0,24575.17961355357
35000.0,34856.334175372045
301000.0,288566.966275598
75000.0,42473.74845422989
15000.0,24280.441671774424
68000.0,56989.055986449224
49000.0,37706.25372524046
200000.0,229980.52815610677
235000.0,283005.65868690074
8000.0,12394.089846997837
9500.0,41088.72698518489
30000.0,30876.04017554829
17500.0,17320.600978272647
26000.0,20430.070193144056
8200.0,10039.687188015949
42000.0,66664.8823908368
301000.0,451981.4970712331
29000.0,28896.92941446336
35000.0,29728.87967609911
401000.0,450549.0259965227
70000.0,112093.42612017614
45000.0,53264.81671067144
301000.0,339338.3613102392
12000.0,13764.565437014657
19500.0,19033.174986978025
301000.0,496377.8761350127
401000.0,458968.91225919384
265000.0,294627.0362656118
310000.0,273499.9177859177
12000.0,13355.576071375945
235000.0,292689.72387077304
450000.0,423355.61198061187
401000.0,447176.48845586897
235000.0,276166.6955019984
549000.0,503049.0931274014
235000.0,276264.17933401815
12000.0,14434.337944829049
22500.0,23718.486342940472
41000.0,38992.000795901695
301000.0,293452.68537935585
301000.0,354543.43628190306
125000.0,125043.05555555555
125000.0,125043.05555555555
640000.0,451654.95233112486
591000.0,501518.9577442984
250000.0,279063.72066430596
12500.0,11960.482265140148
21500.0,24335.366164813084
235000.0,293452.68537935585
40000.0,34987.669866437325
301000.0,312385.5891155298
401000.0,502086.65130988986
50000.0,60571.497276072376
401000.0,335701.7242428296
22000.0,21303.43541896338
17000.0,18434.99755919815
22000.0,24335.366164813084
231999.99999999997,259739.33639665306
35000.0,37641.123530217104
7500.0,7313.4873220298205
45000.0,42869.85020422354
235000.0,274315.4675679518
301000.0,283005.65868690074
235000.0,307788.6381327626
235000.0,312385.5891155298
381000.0,280133.8278388278
1281000.0,1309743.4110588057
301000.0,280671.4049667615
401000.0,311596.6762428336
401000.0,286843.813985268
225000.0,322261.8887185346
301000.0,304211.27531827294
301000.0,361516.85162371927
381000.0,302631.1982475326
25000.0,28640.27102435043
13000.0,12714.08174603174
14000.0,16493.028352720303
310000.0,277447.1989107117
308000.0,294289.73273265647
25000.0,24393.15857410345
1022000.0000000001,1493566.569686477
325000.0,296992.53034919273
401000.0,343852.9748141275
15000.0,17765.222123900952
625000.0,342410.0177986031
301000.0,451981.4970712331
25000.0,31310.923376903913
50000.0,37170.52172112298
55000.0,53176.46332711839
30000.0,26450.538766063157
301000.0,295317.65908252075
301000.0,274315.4675679518
52000.0,53300.840407387026
40000.0,41927.69773984961
235000.0,312385.5891155298
401000.0,589828.934101181
235000.0,299165.95734292694
55000.0,52210.93666750761
301000.0,286843.813985268
23000.0,26021.986304869843
8000.0,11535.656953414029
20000.0,20688.007590629604
381000.0,313462.6254464431
301000.0,316355.9188155196
120000.0,92192.91790570682
55000.0,64954.64731516293
56000.0,80297.76522924878
10000.0,10909.52656001406
49000.0,49131.200356445646
19000.0,25322.3726079675
62000.0,53300.840407387026
21000.0,18032.32020739296
18000.0,18475.99286981654
301000.0,337752.6383330499
13000.0,11480.06575779482
310000.0,319124.36146317644
10000.0,12370.504074555076
1210000.0,1322746.6362433862
26000.0,26952.091051320458
1401000.0,1034393.3002208835
28000.0,26088.061428964465
301000.0,286465.5762368117
45000.0,39483.211637237444
310000.0,285968.08514286607
308000.0,322363.10301668436
35000.0,35329.46223280619
14000.0,12337.24558704295
10500.0,13757.597439840014
200999.99999999997,283005.65868690074
7000.0,12535.071339732893
235000.0,283260.7798361591
1162000.0,1482513.098845599
401000.0,503459.9966209498
3500.0,5300.826293290045
24300.0,39525.650824063494
15000.0,11787.396825396823
404000.0,458507.5110007748
25000.0,24176.07818090468
401000.0,503049.0931274014
401000.0,307788.6381327626
401000.0,381528.08939575567
15000.0,15858.035504276591
8500.0,9154.938773198717
235000.0,275995.50434459763
16000.0,15448.358426263438
301000.0,335701.7242428296
308000.0,267843.76797083707
14000.0,15683.748576012735
404000.0,460869.66361810046
252999.99999999997,290643.47713316954
36500.0,33534.42052430832
50000.0,37826.349618176995
7000.0,7449.723024950974
32000.0,32048.65914160469
549000.0,450549.0259965227
17000.0,18032.32020739296
57000.0,55908.67849956668
18000.0,22846.637737592442
9000.0,14111.74267845756
401000.0,305995.8162425659
10500.0,11448.057514260592
301000.0,344151.43078332493
301000.0,503385.58533230296
301000.0,343852.9748141275
19000.0,18381.96620966715
301000.0,339338.3613102392
235000.0,295730.7504942222
301000.0,286843.813985268
40000.0,40242.56008588094
150000.0,124840.79076371489
356000.0,278636.2776153007
18000.0,21240.484110094174
310000.0,283005.65868690074
114999.99999999999,175405.4105485153
17000.0,24493.950890363223
38000.0,26113.867826526966
301000.0,503049.0931274014
408000.0,342410.0177986031
120000.0,102286.9226051726
28500.0,26048.959933655777
401000.0,339363.6610919911
19000.0,16112.198249296673
235000.0,279368.69934413413
235000.0,295493.4059336512
200999.99999999997,304211.27531827294
16000.0,28139.023942557287
301000.0,349644.6741504794
40000.0,37085.591113801864
40004.0,37002.67570474713
34000.0,33148.27184845118
1011000.0,1301936.8194794995
362000.0,317897.5512093226
20000.0,18606.35389474225
25000.0,24028.171479482804
20000.0,25967.312959322306
42000.0,29866.73973550789
20000.0,19378.40345828452
27000.0,27579.86376551561
22900.0,29668.425034182954
301000.0,339338.3613102392
504000.0,504001.20603144966
401000.0,353922.9355154827
150000.0,141091.16013071896
16500.0,16597.03012344834
20000.0,18474.965528718632
48000.0,41389.29898968436
235000.0,288239.2734236277
301000.0,301375.7566190415
72000.0,68261.40464369196
301000.0,380883.88250369567
37000.0,35473.40741047375
301000.0,302085.040040222
301000.0,390161.167440947
301000.0,327866.5505542404
15000.0,15316.462314309763
45000.0,40274.11677603241
12000.0,13884.659961139529
235000.0,303800.972469294
9500.0,11990.75808561809
401000.0,338679.51603294467
274000.0,337936.0815718921
504000.0,343382.7456705141
301000.0,451725.2764219749
401000.0,501134.53840584157
150000.0,145596.1563057793
235000.0,298945.0072155903
310000.0,295730.7504942222
37500.0,38992.000795901695
39000.0,38992.000795901695
326000.0,471527.3370274311
29000.0,26657.15683136321
32000.0,26088.061428964465
19000.0,18367.878795728182
301000.0,286167.2091178055
649000.0,503049.0931274014
401000.0,354543.43628190306
301000.0,362197.7419040214
235000.0,285968.08514286607
17000.0,26694.917032133333
4000.0,7995.514953934954
10000.0,7977.841953710063
301000.0,286843.813985268
13500.0,17382.283633131963
11000.0,11610.06200927341
17000.0,12321.543125508908
1549000.0,1280331.642514652
28000.0,25649.701006662017
12000.0,16505.458277124468
652000.0,451281.23799073347
549000.0,450549.0259965227
23000.0,24031.41382704684
30000.0,28001.612206974285
362000.0,286167.2091178055
9000.0,10984.786912882751
1011999.9999999999,1265464.4297644394
301000.0,281585.0033832645
301000.0,380883.88250369567
301000.0,488155.18433713925
301000.0,311596.6762428336
318000.0,307788.6381327626
5000.0,4832.280465247715
301000.0,288239.2734236277
381000.0,283260.7798361591
235000.0,290165.3061798965
21000.0,18559.602391014938
120000.0,110412.82340372268
301000.0,282068.52668619534
310000.0,343382.7456705141
274000.0,275995.50434459763
381000.0,328798.196909549
45000.0,46516.504723986036
42000.0,32913.58607440121
301000.0,321451.3188705055
14000.0,14944.807299182303
25000.0,25074.94200236178
301000.0,334341.36952599086
20000.0,18884.33154309346
235000.0,302577.8089342314
75000.0,87382.35022699097
25500.0,31994.804231279777
32000.0,31526.66272987443
301000.0,286167.2091178055
362000.0,295317.65908252075
25000.0,28239.568345362753
35000.0,41452.236841197846
45000.0,40274.11677603241
80000.0,41846.04946126591
301000.0,319123.55779665866
301000.0,451981.4970712331
401000.0,341501.5810335088
301000.0,286843.813985268
140000.0,68261.40464369196
301000.0,503049.0931274014
36000.0,44820.344139453744
244000.0,394571.5008059213
18500.0,17828.77812647297
704000.0,503049.0931274014
401000.0,501134.53840584157
401000.0,450549.0259965227
25000.0,25627.565736844794
23500.0,20584.50431669451
150000.0,103547.0441302716
33000.0,32149.885007768542
15000.0,24444.591236078402
322000.0,444268.8350283394
274000.0,374606.3272333304
40000.0,31781.40395176263
45000.0,41532.468234443455
504000.0,489680.0285631874
40000.0,55399.38736239899
301000.0,342410.0177986031
401000.0,449179.87029371015
30000.0,36211.41949913848
504000.0,451981.4970712331
22000.0,24983.95490038032
401000.0,339325.68884393986
1494000.0,1475948.1408640714
546000.0,453805.6364886304
301000.0,295730.7504942222
72000.0,78444.36211693712
301000.0,360939.32097607665
6500.0,6697.416232323234
310000.0,280671.4049667615
35000.0,35859.03834981367
18000.0,21309.143351455736
1291000.0,1285080.5820198325
15000.0,17832.92951421565
75000.0,100252.55760500491
301000.0,380883.88250369567
42000.0,55576.60260260118
45000.0,41532.468234443455
325000.0,275995.50434459763
401000.0,503049.0931274014
301000.0,254399.3656866923
301000.0,285545.1831338493
20000.0,19698.191246448565
301000.0,314404.7749125584
301000.0,305995.8162425659
401000.0,290643.47713316954
63000.0,60358.511027441
38000.0,49992.096243783606
1019999.9999999999,1362028.9582790504
20000.0,18457.44172500848
401000.0,339338.3613102392
401000.0,296535.5687444858
546000.0,449628.4330999455
17000.0,18434.99755919815
23500.0,20584.50431669451
401000.0,445950.30072026985
401000.0,286917.1467767705
38000.0,46504.96473289937
340000.0,450549.0259965227
30000.0,26041.98716042873
301000.0,327866.5505542404
200999.99999999997,283005.65868690074
301000.0,307788.6381327626
235000.0,307788.6381327626
32500.0,27766.28105734022
312000.0,339363.6610919911
301000.0,325091.01070564496
30000.0,35418.26442373917
401000.0,488155.18433713925
546000.0,513983.9941729313
311000.0,274315.4675679518
14000.0,15233.005430498051
325000.0,307788.6381327626
301000.0,312385.5891155298
310000.0,353922.9355154827
301000.0,370958.8280763879
404000.0,496377.8761350127
1218000.0,1237045.0820105814
546000.0,503049.0931274014
9000.0,13787.669997198445
14000.0,13416.936705417205
301000.0,362575.35597628745
17000.0,18292.43119535788
235000.0,283260.7798361591
30000.0,31255.07536935585
47000.0,44936.56742063846
50000.0,41926.76830414936
200999.99999999997,290387.58590051264
18500.0,15695.10949240207
85000.0,120510.67592592593
401000.0,450549.0259965227
35000.0,35329.46223280619
301000.0,344151.43078332493
20000.0,21984.219490425134
210000.0,279368.69934413413
350000.0,383176.7130007192
235000.0,314404.7749125584
301000.0,327866.5505542404
7500.0,9099.021862107948
15000.0,19291.702953459648
15000.0,31397.913838724042
9000.0,15717.612712357157
401000.0,501134.53840584157
301000.0,390404.6272910317
404000.0,449886.62177781004
16000.0,12437.97953740299
1548000.0,1383414.2138675703
200000.0,111617.16991341992
301000.0,319875.21699908853
401000.0,295730.7504942222
33750.0,49519.53748834287
1292000.0,1309743.4110588057
231999.99999999997,316030.8435183252
13000.0,17457.15888953833
14000.0,13884.659961139529
30000.0,27793.391636897417
231999.99999999997,254794.42124224786
301000.0,330943.9923128619
235000.0,284792.2180483863
25000.0,32475.974343633137
504000.0,451981.4970712331
301000.0,323010.44234887237
25000.0,31372.988115244632
604000.0,451981.4970712331
40000.0,81941.69073042388
1256000.0,1325445.14437877
301000.0,319875.21699908853
301000.0,341501.5810335088
401000.0,450549.0259965227
401000.0,362428.1880170674
66000.0,71773.8385912309
704000.0,469628.1089773593
301000.0,285769.2440538895
301000.0,337225.3904974425
22500.0,26041.98716042873
1291000.0,1390530.2106493723
341000.0,312385.5891155298
301000.0,276897.14057170495
301000.0,261677.06048430706
301000.0,374606.3272333304
235000.0,283306.9116220816
301000.0,444268.8350283394
301000.0,277447.1989107117
401000.0,458069.550744347
641000.0,504001.20603144966
56000.0,61677.61323730338
301000.0,280110.4945054945
541000.0,501044.78135249595
170000.0,135593.2215564937
301000.0,294271.00568819704
12000.0,15598.65434272785
235000.0,286465.5762368117
14500.0,13391.544312169312
18000.0,24764.56523782766
604000.0,504001.20603144966
861999.9999999999,513983.9941729313
75000.0,42979.319362771465
6200.0,15041.130866786518
301000.0,293452.68537935585
235000.0,275211.5331178407
12000.0,17090.237576767362
401000.0,516819.5952685991
504000.0,380653.93928804813
301000.0,314404.7749125584
310000.0,326057.4769678644
75000.0,75829.16963642556
301000.0,362575.35597628745
40000.0,38575.44633772752
401000.0,326084.32392293017
170000.0,246235.31123560542
301000.0,321627.054290124
849000.0,518323.6266888249
22000.0,18884.33154309346
10500.0,10656.529322023065
120000.0,76400.42215801858
401000.0,501134.53840584157
549000.0,458847.3335380156
504000.0,312199.3105495391
401000.0,360427.19179491885
301000.0,295317.65908252075
2500.0,5422.695153559406
50000.0,47888.46128024969
8000.0,10860.893437360606
18000.0,22195.2185590408
301000.0,235456.0983384759
235000.0,287878.87671079504
45000.0,38411.814281569976
301000.0,304211.27531827294
1404000.0,1258778.9128926636
504000.0,317897.5512093226
45000.0,40274.11677603241
23500.0,32553.670829364426
24600.0,31994.804231279777
301000.0,341593.92277374427
23000.0,27897.338162071963
15000.0,21339.25456390878
45000.0,48852.98588537147
362000.0,314404.7749125584
301000.0,347753.1431337411
301000.0,279368.69934413413
35000.0,37199.70798968396
13000.0,9727.542935364116
301000.0,284792.2180483863
404000.0,331666.5709906021
504000.0,380883.88250369567
235000.0,274315.4675679518
235000.0,256316.05240071117
362000.0,380883.88250369567
301000.0,396317.7081221883
301000.0,265642.97851714795
42500.0,38833.85465643661
25000.0,67287.00118293425
235000.0,283260.7798361591
301000.0,312385.5891155298
80000.0,113923.35504147527
235000.0,295276.3085514454
401000.0,450549.0259965227
12000.0,14850.559857757831
2162000.0,1571383.735316656
5800.0,7850.818133386447
301000.0,327866.5505542404
359000.0,345396.21891897323
301000.0,335290.4991580754
310000.0,283005.65868690074
300000.0,170222.37440799942
235000.0,288239.2734236277
25000.0,26153.277250208503
350000.0,202563.7433397903
22000.0,25518.671974101188
18000.0,17249.407930492758
25500.0,26041.98716042873
235000.0,294627.0362656118
301000.0,294627.0362656118
301000.0,285968.08514286607
20000.0,23004.983581638644
12000.0,13814.75731074098
301000.0,286465.5762368117
301000.0,288239.2734236277
50000.0,60587.979031952185
301000.0,283005.65868690074
17000.0,13470.45523504593
37000.0,38523.874397636806
301000.0,280671.4049667615
540000.0,449886.62177781004
1549000.0,1412823.6221255106
504000.0,450549.0259965227
45000.0,37213.017909121205
40000.0,41055.08723865403
35000.0,37666.5018787563
546000.0,443499.86023722996
401000.0,450549.0259965227
110000.00000000001,108136.0156286903
409999.99999999994,339320.978517554
401000.0,451981.4970712331
32000.0,31748.0319585156
308000.0,271589.9448421948
65000.0,93376.18609004897
350000.0,403297.64105339104
1415000.0,608356.5581435374
250000.0,223324.01303890074
540000.0,503049.0931274014
1449000.0,1482513.098845599
308000.0,306484.7946427155
9000.0,13609.15902825227
301000.0,286843.813985268
26000.0,36435.578743693746
301000.0,293452.68537935585
40000.0,39525.90586960729
20000.0,23953.046242199023
401000.0,503049.0931274014
20500.0,11275.259476310726
6000.0,9482.234902116405
18000.0,25690.18991170841
25000.0,25404.378950604936
28000.0,27581.696499625992
18000.0,30046.126460203086
301000.0,354543.43628190306
235000.0,343852.9748141275
62000.0,53300.840407387026
401000.0,404759.6082832636
504000.0,318091.40722855105
9000.0,13027.72244258034
301000.0,300954.40773136844
235000.0,284792.2180483863
16000.0,12350.486819625065
9000.0,15087.80955663854
235000.0,293452.68537935585
15400.0,18460.98036984839
3101000.0,1422475.0822939677
549000.0,503049.0931274014
15750.0,14657.69245905579
48000.0,66664.8823908368
652000.0,503049.0931274014
1102000.0,1562444.2813716794
45000.0,32912.29460221839
301000.0,451780.4694045833
2011000.0,1574626.714766714
401000.0,444268.8350283394
919000.0,1039123.7638565135
28000.0,29915.117206609782
301000.0,280671.4049667615
35000.0,37641.123530217104
45000.0,40506.90036790914
11000.0,9894.671864576903
56000.0,44881.90124149558
1010000.0,1228938.5175842682
70000.0,55008.71062414311
16500.0,19891.05907452368
301000.0,330943.9923128619
40000.0,40332.35991207633
285000.0,339707.1509345569
45001.0,45518.066511064826
301000.0,365602.29046979395
310000.0,334341.36952599086
40004.0,37002.67570474713
42000.0,38992.000795901695
300000.0,312549.6244067205
301000.0,340133.0511437355
73000.0,67290.37672749993
150000.0,172826.19090710251
301000.0,339338.3613102392
381000.0,303800.972469294
37000.0,41798.48459100499
301000.0,295730.7504942222
52000.0,46367.37533566768
301000.0,334983.8571642138
301000.0,290643.47713316954
10000.0,9064.786132275129
310000.0,317897.5512093226
19000.0,19362.012396929957
235000.0,280671.4049667615
235000.0,263212.44854742265
235000.0,290643.47713316954
32500.0,26182.8258343196
301000.0,286843.813985268
301000.0,444268.8350283394
27000.0,30549.053027928876
301000.0,303800.972469294
30000.0,27345.512822201294
235000.0,283005.65868690074
412000.0,448873.6552230664
30000.0,44676.325060198826
301000.0,347599.9253379214
326000.0,280671.4049667615
17000.0,16283.072007478035
381000.0,295317.65908252075
42000.0,58075.48405325855
301000.0,285968.08514286607
401000.0,312549.6244067205
33200.0,49954.4368522291
28000.0,30006.628507277295
62500.0,288124.74122174113
195000.0,143043.83194493403
301000.0,330943.9923128619
65000.0,53300.840407387026
45000.0,41984.10971676159
404000.0,450549.0259965227
160000.0,111373.04033932374
235000.0,285769.2440538895
42000.0,46715.274270519185
301000.0,374606.3272333304
55000.0,61206.28691421502
301000.0,271589.9448421948
25000.0,13998.326835080252
301000.0,323010.44234887237
301000.0,335290.4991580754
50000.0,38919.5325833026
235000.0,280133.8278388278
13500.0,14515.857804232808
401000.0,344151.43078332493
46000.0,40673.62761720781
15000.0,14596.084900785278
50000.0,40898.89529480385
31000.0,30482.216237864344
301000.0,285968.08514286607
401000.0,336312.99023022794
6000.0,21134.138529823438
301000.0,319124.36146317644
90000.0,93467.01852603655
401000.0,396317.7081221883
540000.0,453805.6364886304
401000.0,339036.63238347217
1410000.0,1413108.317085693
1548000.0,1317524.6803542464
301000.0,370958.8280763879
30000.0,30276.842754948964
235000.0,293452.68537935585
130000.0,135593.2215564937
9000.0,10084.557344331592
325000.0,353142.7721916314
75000.0,167623.67671114622
160000.0,124840.79076371489
60000.0,39145.17109601062
12500.0,18154.424291480205
546000.0,497780.8051689093
22000.0,27230.618499433796
301000.0,285968.08514286607
19000.0,18173.913887597
401000.0,450549.0259965227
301000.0,317897.5512093226
50000.0,53300.840407387026
301000.0,364284.0995889672
504000.0,450085.02165789815
26000.0,26021.986304869843
16000.0,19077.17869654143
250000.0,246235.31123560542
28000.0,27603.363166292664
301000.0,293452.68537935585
1102000.0,1562444.2813716794
235000.0,164017.05578572737
18300.0,24030.950160378023
70000.0,75829.16963642556
301000.0,283260.7798361591
546000.0,503049.0931274014
350000.0,405175.50248981046
41000.0,45357.31043429269
27000.0,71953.30054627213
235000.0,242492.27309673443
235000.0,331592.6609867747
301000.0,293452.68537935585
640000.0,496790.780787079
301000.0,347599.9253379214
301000.0,328804.5770744773
9000.0,10470.290310536644
301000.0,343291.2396859273
401000.0,370528.5164708137
17000.0,18075.187451523558
235000.0,286167.2091178055
22000.0,20509.265220149875
1010000.0,1285080.5820198325
235000.0,278236.10899969796
301000.0,281585.0033832645
301000.0,288239.2734236277
504000.0,471527.3370274311
301000.0,351687.99101439293
301000.0,380883.88250369567
70000.0,89368.53729714818
362000.0,295317.65908252075
401000.0,339363.6610919911
24000.0,26559.157081623867
301000.0,288108.29070157453
301000.0,340133.0511437355
252999.99999999997,286843.813985268
1546000.0,1410593.345150708
15000.0,18884.33154309346
25000.0,29834.31370074395
401000.0,390404.6272910317
301000.0,296712.89362716733
285000.0,274315.4675679518
70000.0,64037.44953178456
312000.0,360001.011820293
301000.0,328988.149658162
7800.0,8542.885309932315
401000.0,374606.3272333304
17500.0,15139.476054207766
401000.0,344151.43078332493
11999.0,13140.078372697091
15000.0,12702.14318780858
72000.0,78444.36211693712
12000.0,14793.406626100686
30000.0,34229.387024904885
310000.0,300720.7732629551
310000.0,339320.978517554
301000.0,290643.47713316954
401000.0,390404.6272910317
28000.0,26258.692190659178
12500.0,13355.576071375945
37500.0,38992.000795901695
34500.0,46647.64209562636
12500.0,20763.94679645779
325000.0,295730.7504942222
20000.0,31440.41508615778
27000.0,8215.381501322747
18000.0,18367.878795728182
30000.0,35315.20407883551
200000.0,139659.25030231214
55000.0,31095.73132667547
18000.0,26021.986304869843
540000.0,343382.7456705141
325000.0,489680.0285631874
401000.0,503049.0931274014
32510.0,26482.125241975842
23500.0,26015.732238103545
381000.0,319875.21699908853
45800.0,67287.00118293425
311000.0,330943.9923128619
381000.0,342410.0177986031
60000.0,48637.82727501389
45000.0,41335.330795686044
401000.0,482010.1029726194
401000.0,396317.7081221883
301000.0,293452.68537935585
401000.0,396317.7081221883
20000.0,24152.7092771979
20000.0,17907.920330017423
235000.0,307788.6381327626
301000.0,337752.6383330499
200999.99999999997,255622.2146087257
301000.0,277447.1989107117
15000.0,12296.035419378273
45000.0,59087.39647969674
381000.0,286167.2091178055
45000.0,31164.406486418957
35000.0,72419.87244445641
401000.0,504001.20603144966
38000.0,29779.939175378244
312000.0,351280.2997486964
235000.0,283260.7798361591
20000.0,21794.195483863034
18000.0,15990.919650085762
1210000.0,1228938.5175842682
30000.0,32365.07118343359
25000.0,25863.367809542804
50000.0,47161.48086071017
301000.0,285769.2440538895
28500.0,29915.117206609782
45000.0,62069.46937345059
564000.0,589828.934101181
110000.00000000001,99168.08838580154
1101000.0,1196734.2354497344
18000.0,14515.857804232808
40000.0,34229.387024904885
401000.0,380883.88250369567
32000.0,41452.236841197846
18000.0,25985.824755596324
401000.0,286167.2091178055
6500.0,6561.356824222871
26000.0,27793.391636897417
1101000.0,1002691.2568401095
42000.0,30482.216237864344
290000.0,257164.52677483272
652000.0,449886.62177781004
75000.0,70561.49036110315
33000.0,43175.26042735086
20000.0,20688.007590629604
301000.0,343382.7456705141
54000.0,55796.50178627038
12000.0,12868.97132230603
401000.0,507552.5436920018
28500.0,10872.735978835977
65000.0,74820.11250682006
401000.0,342410.0177986031
301000.0,354543.43628190306
35000.0,26021.986304869843
53500.0,54496.25741948826
12500.0,12752.092549428815
301000.0,312385.5891155298
235000.0,301417.92801290005
401000.0,344151.43078332493
35000.0,33414.192992267126
26500.0,38414.04017819052
16000.0,22929.460520922315
24000.0,18290.40131226147
45000.0,72700.97467322659
16000.0,24671.41250799499
62000.0,140092.66484265123
401000.0,340133.0511437355
301000.0,339707.1509345569
301000.0,286843.813985268
36000.0,39888.048499545774
420000.0,397720.0889958712
30000.0,32688.65578964745
26000.0,31255.07536935585
301000.0,339363.6610919911
401000.0,339363.6610919911
7500.0,12712.454862597478
401000.0,370109.7780862126
326000.0,334341.36952599086
25000.0,25627.565736844794
640000.0,451517.4927326085
301000.0,275995.50434459763
235000.0,288108.29070157453
180000.0,182169.8081460622
235000.0,288734.1276603587
401000.0,501599.75519813993
1291000.0,1463613.5848381831
18000.0,30544.82715769019
381000.0,395520.8182483607
17000.0,13757.597439840014
401000.0,450085.02165789815
235000.0,307361.76096731983
546000.0,500494.07354782074
381000.0,310594.878789854
235000.0,283260.7798361591
381000.0,295317.65908252075
381000.0,339363.6610919911
401000.0,502872.64301917056
235000.0,279368.69934413413
22000.0,30794.557052532477
32000.0,37513.25242343145
401000.0,379937.04324954987
301000.0,425741.35995312996
300000.0,329396.986340125
10000.0,20470.749121348843
60000.0,49309.76632990091
310000.0,300954.40773136844
235000.0,350358.0862254864
135000.0,143541.4086702468
35000.0,42926.81779005403
301000.0,317897.5512093226
301000.0,283826.85895659844
22000.0,19378.40345828452
18000.0,26042.70486758884
13000.0,14923.289312312963
20000.0,27015.431706395386
301000.0,394571.5008059213
50000.0,53698.55198861006
748000.0,498256.15219994175
32000.0,34562.50517705608
20000.0,18367.458539949756
55000.0,44220.85077878802
35000.0,30824.159655630516
235000.0,303800.972469294
301000.0,290643.47713316954
170000.0,256286.02633477648
33000.0,38126.25427089062
75000.0,75373.50941436487
235000.0,280671.4049667615
401000.0,503049.0931274014
310000.0,304211.27531827294
310000.0,298945.0072155903
301000.0,322815.6961674169
34000.0,44063.883068064795
20000.0,19077.17869654143
1549000.0,1413108.317085693
381000.0,286465.5762368117
67000.0,66951.87059413767
235000.0,315550.5757229615
15000.0,14302.990092592583
301000.0,295317.65908252075
48000.0,66379.81906261545
10400.0,12868.97132230603
55000.0,55908.67849956668
20000.0,25810.142927405555
301000.0,425741.35995312996
301000.0,274315.7887047847
65000.0,55908.67849956668
27000.0,24916.683303717688
6500.0,9926.91364838865
28000.0,31126.046599545763
250000.0,171703.62501826335
110000.00000000001,106560.53733951598
25000.0,28401.026895712384
301000.0,361516.85162371927
11000.0,21022.122503672894
301000.0,296535.5687444858
20000.0,17835.36244715127
35000.0,36662.247044889504
301000.0,255689.84716817384
301000.0,286465.5762368117
301000.0,337752.6383330499
322000.0,314404.7749125584
301000.0,286843.813985268
27000.0,21896.65703036906
301000.0,293452.68537935585
401000.0,312782.1373465598
16000.0,13106.969983597086
301000.0,302577.8089342314
301000.0,325648.76568091946
20500.0,23701.06714667333
301000.0,344344.94327367714
9000.0,10969.793098388805
21000.0,24615.541906702576
18000.0,14415.715299473064
4500.0,9351.343975468968
504000.0,450085.02165789815
401000.0,501044.78135249595
9700.0,10376.683813785716
362000.0,461749.0794773209
90000.0,73809.35700681471
45000.0,52210.93666750761
401000.0,330594.33539016475
235000.0,283005.65868690074
16000.0,24168.82856730658
20000.0,22484.80947817236
18500.0,18350.388347049444
1848999.9999999998,1298871.3492406288
17000.0,18526.7905316899
235000.0,303800.972469294
362000.0,337752.6383330499
45000.0,50046.456794874764
301000.0,370528.5164708137
325000.0,327081.67355047027
301000.0,370528.5164708137
401000.0,341593.92277374427
301000.0,496790.780787079
504000.0,451981.4970712331
401000.0,396317.7081221883
32000.0,38482.054001619465
17000.0,15129.437780125349
301000.0,287949.4269102022
50000.0,55908.67849956668
301000.0,317897.5512093226
1011999.9999999999,1309743.4110588057
401000.0,354543.43628190306
56000.0,55672.058862555714
6500.0,8820.453170365638
362000.0,340133.0511437355
22500.0,34282.42304070143
640000.0,502086.65130988986
21000.0,20173.55926672057
401000.0,451281.23799073347
250000.0,203742.73904110788
11200.0,11176.15928746079
15000.0,16956.025248156646
285000.0,274619.2174530162
401000.0,354963.9330344863
9000.0,8225.910593736478
381000.0,285769.2440538895
70000.0,156000.84385739366
47000.0,67081.81531657779
9000.0,9154.938773198717
40000.0,61731.43186754735
14000.0,23382.21091571735
42000.0,65790.68586820751
301000.0,327866.5505542404
37000.0,39953.42252927929
401000.0,380883.88250369567
60000.0,59949.46067782253
18000.0,25652.828167420088
35000.0,30464.019624667486
540000.0,518323.6266888249
519000.00000000006,482967.40132050286
640000.0,449179.87029371015
401000.0,307361.76096731983
235000.0,287878.87671079504
28000.0,15703.675710880616
25000.0,26041.98716042873
401000.0,295730.7504942222
301000.0,302722.0613055234
20000.0,18884.33154309346
11500.0,11345.940198541799
640000.0,453805.6364886304
45000.0,39103.32009429237
31000.0,60575.62686609083
401000.0,344151.43078332493
301000.0,337595.44798761304
274000.0,277447.1989107117
9000.0,13609.15902825227
30000.0,26657.15683136321
20500.0,17550.124354447555
20000.0,17865.814389712996
11000.0,13757.597439840014
235000.0,295730.7504942222
301000.0,341501.5810335088
849000.0,452091.1564812709
28500.0,29628.036089492292
18000.0,28063.150905321396
18000.0,14515.857804232808
8000.0,12643.147054978099
381000.0,374410.3903229694
310000.0,449628.4330999455
401000.0,312385.5891155298
1201000.0,1194085.0392015392
11000.0,12215.941582234203
361000.0,449628.4330999455
45000.0,44581.49885065352
9000.0,14286.50193193843
235000.0,286465.5762368117
301000.0,343382.7456705141
35000.0,44054.42914651924
285000.0,380883.88250369567
235000.0,286167.2091178055
451999.99999999994,501134.53840584157
235000.0,290643.47713316954
15000.0,22748.201448090385
42000.0,33534.42052430832
90000.0,85732.13740682529
308000.0,272573.0469957253
200000.0,183763.97250652575
16000.0,18417.850517261777
21000.0,29491.029318296387
301000.0,286843.813985268
301000.0,339550.26316577644
13000.0,12675.487231073286
1010000.0,595921.1223448991
25320.0,34414.499164767825
301000.0,412599.2906815405
301000.0,282509.4323779524
4000.0,8544.477642579408
540000.0,319124.36146317644
55000.0,29230.223444296997
301000.0,307788.6381327626
235000.0,327866.5505542404
301000.0,335701.7242428296
23000.0,23718.486342940472
235000.0,272663.321787018
200000.0,221925.290255544
35000.0,42926.81779005403
120000.0,102581.67002752253
301000.0,286167.2091178055
45000.0,37085.591113801864
125000.0,215004.6067821067
235000.0,295276.3085514454
235000.0,257822.34112883642
301000.0,280209.9061688634
301000.0,390404.6272910317
32000.0,37053.77092375625
1201000.0,1379923.5052540053
401000.0,450549.0259965227
401000.0,379669.89991891786
301000.0,471527.3370274311
362000.0,343382.7456705141
3011000.0,1606982.5713930614
401000.0,360482.87002669036
48000.0,49558.97733505904
401000.0,307788.6381327626
17500.0,25309.262323965813
301000.0,286465.5762368117
401000.0,295317.65908252075
16500.0,19999.0671853435
26000.0,24447.972607320382
17000.0,18595.042495366168
42000.0,53300.840407387026
350000.0,383176.7130007192
41000.0,45357.31043429269
18000.0,18133.827362620264
401000.0,449886.62177781004
13500.0,12645.421585911752
401000.0,451981.4970712331
19500.0,20193.31005508653
301000.0,283260.7798361591
39000.0,41030.73879708425
13000.0,15231.47975721629
235000.0,345396.21891897323
301000.0,286465.5762368117
12500.0,12745.990687850941
308000.0,318268.98147776054
301000.0,278697.04041014716
13000.0,25743.342405409636
325000.0,449886.62177781004
301000.0,284792.2180483863
1848999.9999999998,1275665.1169173967
38000.0,40506.90036790914
252000.0,257822.34112883642
21000.0,21785.448074110092
21000.0,28441.466192036427
301000.0,280671.4049667615
310000.0,277447.1989107117
55000.0,53204.03635383927
301000.0,312385.5891155298
30000.0,32138.672865695855
22000.0,24335.366164813084
60000.0,67851.0117646301
301000.0,312688.78368792834
64999.0,67681.75393159107
180000.0,182169.8081460622
75000.0,43858.293591912116
110000.00000000001,109282.35679028645
9500.0,9521.291569541572
25600.0,28029.086593866876
30000.0,31085.92315088188
29500.0,32393.868548057664
14000.0,15804.671498015878
1549000.0,1298871.3492406288
28500.0,26048.959933655777
301000.0,497731.71594869485
401000.0,343382.7456705141
301000.0,370528.5164708137
19000.0,21144.943497436318
312000.0,339363.6610919911
235000.0,260912.1242376551
22000.0,27415.442399537245
30000.0,29534.01726296878
301000.0,343382.7456705141
235000.0,312385.5891155298
2461000.0,1265464.4297644394
301000.0,284792.2180483863
85000.0,116768.13196501351
1210000.0,1216628.5543312258
235000.0,284083.547145633
301000.0,290165.3061798965
18000.0,17967.07710242964
401000.0,379669.89991891786
9500.0,9933.156655844155
20000.0,30024.130336675233
45000.0,36123.56288241002
40000.0,38992.000795901695
844000.0,451981.4970712331
19500.0,15638.025559503603
30000.0,22846.637737592442
418000.0,254441.07895744487
60000.0,69069.84249039118
29900.0,26414.890458670547
32000.0,31408.436396904788
50000.0,37170.52172112298
23500.0,19325.43637754569
549000.0,501134.53840584157
401000.0,370528.5164708137
301000.0,503049.0931274014
350000.0,408105.8692654194
235000.0,295317.65908252075
17000.0,23744.832141961255
301000.0,278236.10899969796
448000.00000000006,451261.27208335034
311000.0,353922.9355154827
55000.0,91959.27731216257
401000.0,451981.4970712331
24500.0,31374.319252136276
531000.0,453901.1376447626
39000.0,52811.47264725628
19000.0,20910.365258450867
25000.0,24590.50429136067
75000.0,73851.9735423996
12000.0,13416.936705417205
301000.0,344151.43078332493
29000.0,21950.22268788081
1549000.0,1493566.569686477
301000.0,314579.160646941
401000.0,379937.04324954987
35000.0,33901.42654990304
401000.0,370815.65924656304
20000.0,22195.2185590408
60000.0,67681.75393159107
35000.0,38992.000795901695
15000.0,9063.524315092318
135000.0,117978.43825050372
546000.0,445848.8652375569
1010000.0,1325445.14437877
546000.0,502086.65130988986
401000.0,290643.47713316954
21000.0,19378.40345828452
301000.0,380883.88250369567
15000.0,17090.237576767362
401000.0,341501.5810335088
640000.0,452091.1564812709
170000.0,256286.02633477648
301000.0,319875.21699908853
10000.0,12712.923002304877
500000.0,450549.0259965227
18000.0,45567.23985951634
401000.0,380883.88250369567
40000.0,42572.69052820841
512000.0,502408.62826938054
235000.0,283260.7798361591
26000.0,26021.986304869843
76200.0,72459.01467724674
17500.0,19132.102416268765
55000.0,31095.73132667547
57000.0,55672.058862555714
210000.0,279368.69934413413
20000.0,19033.174986978025
305000.0,354430.2543188104
401000.0,306484.7946427155
19000.0,17828.77812647297
22000.0,24671.41250799499
60000.0,85935.08576365154
26500.0,30922.41205838126
401000.0,343291.2396859273
349000.0,349889.74429513974
22000.0,18614.673653741236
35000.0,41048.049963090496
10000.0,17843.800973366568
235000.0,286465.5762368117
409999.99999999994,304211.27531827294
15000.0,16383.65114997394
500000.0,524924.2975022516
401000.0,311596.6762428336
301000.0,458507.5110007748
10000.0,24393.15857410345
401000.0,451281.23799073347
235000.0,286167.2091178055
401000.0,339338.3613102392
15000.0,13229.86242025516
295000.0,202563.7433397903
55000.0,51426.54463603788
102000.0,114602.98004801241
1216000.0,1176458.0349566522
19500.0,18383.463320929324
408000.0,442728.77047213056
801000.0,1309743.4110588057
301000.0,283005.65868690074
301000.0,334341.36952599086
301000.0,471527.3370274311
625000.0,454983.12204106065
301000.0,319844.9284977928
8000.0,11535.656953414029
301000.0,295317.65908252075
25000.0,18460.98036984839
16000.0,17373.08381692683
301000.0,502086.65130988986
7000.0,8077.106511904762
17000.0,17095.586631049973
401000.0,344151.43078332493
401000.0,504001.20603144966
55000.0,53428.537517369296
130000.0,129284.40710678205
180000.0,164874.49289599285
301000.0,339363.6610919911
301000.0,316355.9188155196
75000.0,54279.33875879665
1448000.0,1413108.317085693
18000.0,17832.7234136377
301000.0,295317.65908252075
301000.0,283260.7798361591
301000.0,276166.6955019984
301000.0,286465.5762368117
640000.0,504001.20603144966
42000.0,39382.43750017723
254000.0,276014.6426536426
301000.0,285968.08514286607
49000.0,48057.367193212434
301000.0,335701.7242428296
36000.0,24916.683303717688
35000.0,31131.849758682976
20000.0,20688.007590629604
22000.0,24335.366164813084
18500.0,18457.44172500848
100000.0,94432.49886732925
1654000.0,1322746.6362433862
28500.0,15990.919650085762
16500.0,16616.79108335484
29000.0,22859.262591156457
310000.0,361524.01463868486
45000.0,45579.33086981514
401000.0,335290.4991580754
200000.0,122242.15514911262
310000.0,344151.43078332493
1121000.0,1301936.8194794995
301000.0,307833.7764040488
31900.0,32950.62621907915
401000.0,353922.9355154827
401000.0,390404.6272910317
381000.0,285769.2440538895
301000.0,286167.2091178055
301000.0,454055.7696079207
308000.0,339434.14170521614
401000.0,305995.8162425659
301000.0,312782.1373465598
546000.0,486519.36613928794
301000.0,351687.99101439293
16500.0,18148.777592446775
220000.00000000003,313518.9237614236
19500.0,20254.116546458255
604000.0,503049.0931274014
35000.0,35329.46223280619
301000.0,450494.4558743312
401000.0,364284.0995889672
235000.0,294271.00568819704
40000.0,40242.56008588094
55000.0,83114.93716720332
30000.0,32138.672865695855
38000.0,29832.109088281486
235000.0,290072.8411243525
301000.0,314404.7749125584
45000.0,60314.70179050033
42000.0,40446.37131940067
409999.99999999994,380653.93928804813
16000.0,11693.874916629375
55000.0,51822.52361098972
40000.0,32815.84745170548
301000.0,449628.4330999455
401000.0,341501.5810335088
310000.0,283005.65868690074
45000.0,37085.591113801864
235000.0,307788.6381327626
45000.0,41134.6127204025
95000.0,58027.70772511048
43000.0,42926.81779005403
549000.0,503049.0931274014
17000.0,14182.755160181014
75000.0,55176.66772263795
301000.0,312385.5891155298
34000.0,30482.216237864344
1549000.0,1419069.2556537471
15000.0,14016.729477974906
26000.0,30069.1730829031
401000.0,319875.21699908853
546000.0,450549.0259965227
15000.0,14203.953642553597
301000.0,288239.2734236277
310000.0,307788.6381327626
301000.0,370815.65924656304
310000.0,286465.5762368117
235000.0,274315.4675679518
50000.0,61167.24900405624
125000.0,124088.97160339657
301000.0,295730.7504942222
120000.0,89368.53729714818
46000.0,48990.38059714041
20000.0,17828.77812647297
1549000.0,1562444.2813716794
301000.0,341501.5810335088
301000.0,300720.7732629551
33000.0,35660.36069946387
401000.0,272354.92118706414
50000.0,22450.017927519446
249000.00000000003,267000.82046497834
301000.0,286465.5762368117
11000.0,13140.078372697091
16500.0,15331.129186202816
235000.0,296992.53034919273
540000.0,553684.5129077642
24500.0,26890.88551674027
401000.0,445950.30072026985
301000.0,286843.813985268
246000.0,278157.21981212974
80000.0,479760.9939915143
235000.0,303852.74644794466
310000.0,314404.7749125584
60000.0,44890.05761751549
14000.0,16196.281585442914
19000.0,24498.035769786235
549000.0,503049.0931274014
33000.0,26096.92695649028
40000.0,24487.910750659437
401000.0,364284.0995889672
22000.0,30828.139555393605
12000.0,14407.36485123111
301000.0,286465.5762368117
305000.0,257822.34112883642
235000.0,283260.7798361591
34000.0,34051.14507661336
9000.0,11780.29450493025
235000.0,307788.6381327626
401000.0,458847.3335380156
135000.0,114728.53636178638
301000.0,343852.9748141275
301000.0,283260.7798361591
749000.0,448444.6440301636
500000.0,654240.2382670591
31500.0,32292.6911367746
39999.0,39145.17109601062
546000.0,488155.18433713925
42000.0,38405.41029607428
38000.0,34165.51877385247
1546000.0,1562444.2813716794
235000.0,332044.9713796381
15000.0,17982.879644493154
46000.0,53186.58075247704
646000.0,450549.0259965227
23000.0,22616.838673460516
401000.0,449628.4330999455
301000.0,312549.6244067205
16000.0,16895.41950955087
235000.0,327866.5505542404
9000.0,15023.200152779702
60000.0,51448.250597504586
301000.0,501134.53840584157
16500.0,21776.48886247638
301000.0,336469.5282603981
20000.0,15234.022522579005
21000.0,24398.3901914755
32000.0,26657.15683136321
504000.0,504001.20603144966
190000.0,112154.65013690012
23000.0,17267.88291525408
70000.0,53428.537517369296
12500.0,11960.482265140148
640000.0,452091.1564812709
235000.0,283005.65868690074
40000.0,38194.71305258523
625000.0,558455.5697765973
641000.0,498256.15219994175
301000.0,374606.3272333304
12000.0,16963.59712517058
20000.0,21136.38504305753
504000.0,584577.5666733185
11000.0,11572.074381257875
40000.0,37321.54416709061
540000.0,501134.53840584157
50000.0,18388.06773573116
401000.0,380883.88250369567
401000.0,379669.89991891786
17500.0,19074.392497988516
200000.0,125424.05986045516
301000.0,283005.65868690074
16000.0,17619.310503696026
12000.0,13268.140738816737
301000.0,327866.5505542404
301000.0,279284.3993013635
50000.0,34239.0775281215
44000.0,30683.056893513967
331000.0,290914.16706706455
42000.0,40392.27965023198
20000.0,18292.43119535788
18000.0,17951.140623927975
546000.0,501518.9577442984
301000.0,275995.50434459763
22000.0,26514.520877213366
301000.0,322815.6961674169
325000.0,404759.6082832636
803999.9999999999,504001.20603144966
301000.0,344151.43078332493
31000.0,50471.02082826927
30000.0,25217.142584134614
301000.0,290643.47713316954
556000.0,503459.9966209498
20000.0,24447.972607320382
362000.0,332044.9713796381
20000.0,26088.061428964465
301000.0,325648.76568091946
381000.0,381528.08939575567
42000.0,50838.75218465042
325000.0,336469.5282603981
504000.0,461442.94160369964
404000.0,448444.6440301636
23000.0,21767.62718793504
301000.0,334965.5408489431
17000.0,24493.950890363223
52000.0,46103.80885234627
15000.0,13549.909570835292
301000.0,307361.76096731983
301000.0,295276.3085514454
22000.0,15492.145065555318
401000.0,450549.0259965227
15000.0,16022.270231810595
25000.0,15045.21240708944
401000.0,351687.99101439293
15000.0,15139.476054207766
401000.0,451981.4970712331
46000.0,118303.4250801168
301000.0,302577.8089342314
301000.0,343239.3054529016
42000.0,53428.537517369296
308000.0,449886.62177781004
850000.0,1346861.7722004089
564000.0,501599.75519813993
10000.0,13914.595314641645
301000.0,362585.2549661864
301000.0,295317.65908252075
39000.0,66540.56554876332
310000.0,450549.0259965227
19000.0,21583.694633918676
301000.0,471527.3370274311
235000.0,303800.972469294
401000.0,304211.27531827294
401000.0,390404.6272910317
110000.00000000001,119782.2067099567
301000.0,340133.0511437355
17000.0,14182.755160181014
18000.0,18367.878795728182
45000.0,45353.740343323894
75000.0,109823.31962481957
401000.0,490990.57613076805
25000.0,21713.879900758842
310000.0,284792.2180483863
13000.0,12675.487231073286
310000.0,305004.96786054305
500000.0,416564.9822029822
20001.0,18396.036135905473
44000.0,41185.951006983334
301000.0,293452.68537935585
35000.0,32149.885007768542
9000.0,13140.078372697091
13000.0,13935.272909139534
70000.0,63097.71872853989
56000.0,54496.25741948826
401000.0,380883.88250369567
401000.0,317341.70954804687
70000.0,61677.61323730338
170000.0,115011.49125651702
20000.0,25649.701006662017
48000.0,53186.58075247704
18000.0,18466.402240079056
75000.0,89010.99627530771
235000.0,295730.7504942222
9000.0,7610.948379139148
301000.0,312385.5891155298
704000.0,503049.0931274014
401000.0,449886.62177781004
310000.0,450085.02165789815
25000.0,23861.365325436855
4500.0,8005.723757936507
6000.0,7795.243072751325
301000.0,286843.813985268
308000.0,273138.64292767545
704000.0,517027.2459108929
301000.0,300954.40773136844
240000.0,254399.3656866923
20000.0,18460.98036984839
301000.0,343852.9748141275
301000.0,450549.0259965227
301000.0,336469.5282603981
849000.0,1265464.4297644394
25000.0,16799.105589944225
301000.0,285968.08514286607
23000.0,20260.950177925923
301000.0,449179.87029371015
235000.0,268575.91785660986
235000.0,290072.8411243525
41000.0,43198.96709956709
235000.0,286843.813985268
35000.0,26040.548663224316
26000.0,23412.68527983696
40000.0,36478.14914535177
381000.0,325963.8983849941
301000.0,346032.2328257921
25500.0,26027.82049376206
9000.0,11636.677077230665
47000.0,40898.89529480385
1548000.0,1390530.2106493723
640000.0,455238.10756334075
9500.0,9154.938773198717
301000.0,302577.8089342314
301000.0,304211.27531827294
401000.0,341593.92277374427
27000.0,16843.747998408115
301000.0,293452.68537935585
280000.0,385436.97570947546
235000.0,293452.68537935585
10000.0,11298.520382954663
300000.0,286167.2091178055
38000.0,37641.123530217104
1101000.0,1402005.2272218526
65000.0,55964.14097489132
305000.0,338058.7043914335
544000.0,504001.20603144966
704000.0,453644.9169955044
301000.0,285769.2440538895
13500.0,13140.078372697091
235000.0,278636.2776153007
37007.0,37376.6519618857
60000.0,53067.7586731146
35000.0,25074.94200236178
75000.0,84617.21613420248
40000.0,49215.22001911705
10000.0,21170.380365581957
10500.0,11176.15928746079
125000.0,92769.37362454507
301000.0,335290.4991580754
2162000.0,1360403.2335236713
704000.0,494882.53162822686
40000.0,41501.100380692274
235000.0,352008.1843590374
100000.0,108136.0156286903
45000.0,39908.45046358434
301000.0,449628.4330999455
235000.0,286843.813985268
401000.0,325648.76568091946
301000.0,283005.65868690074
40000.0,37002.67570474713
301000.0,317897.5512093226
24000.0,22143.73672717464
310000.0,277447.1989107117
35000.0,26048.959933655777
846000.0000000001,520507.68764456024
274000.0,290643.47713316954
401000.0,460991.24233927875
301000.0,307788.6381327626
301000.0,293452.68537935585
300000.0,307788.6381327626
301000.0,305451.89937038464
24000.0,26072.55497581395
362000.0,337595.44798761304
18000.0,20129.34690677332
546000.0,449179.87029371015
401000.0,450085.02165789815
16000.0,15037.352284202625
200999.99999999997,315040.4918071307
235000.0,312782.1373465598
401000.0,450549.0259965227
85000.0,82016.66416775617
401000.0,425741.35995312996
20000.0,16363.882954174063
20000.0,20688.007590629604
27500.0,17832.7234136377
40000.0,38360.365182738235
8500.0,8808.901137926
38000.0,40692.32242452787
235000.0,272354.92118706414
27000.0,25652.828167420088
504000.0,451981.4970712331
35000.0,25234.432318481893
45000.0,45960.224663466084
301000.0,283005.65868690074
24000.0,25846.627280407738
45500.0,35389.703980308004
321000.0,339320.978517554
18000.0,15542.82262079268
75000.0,102658.8224082563
200999.99999999997,293452.68537935585
14000.0,15394.027552645017
301000.0,380883.88250369567
25000.0,31011.942350945745
16000.0,15372.395297306348
22000.0,28441.466192036427
55000.0,36872.018514069874
45000.0,31183.496848793824
45000.0,62635.05369150882
22000.0,30876.04017554829
301000.0,330817.72709260357
33000.0,50115.03178766797
25000.0,26321.5421498546
301000.0,284083.547145633
15000.0,16914.48625617927
110000.00000000001,119782.2067099567
37000.0,39559.86303777415
20000.0,18559.602391014938
325000.0,283826.85895659844
1219000.0,1725189.8971861473
235000.0,308870.4578809572
13000.0,16417.54036954305
401000.0,458951.42078908085
301000.0,304211.27531827294
301000.0,331666.5709906021
504000.0,507552.5436920018
40000.0,40833.906995989164
301000.0,307788.6381327626
25000.0,25985.824755596324
17999.0,19106.18215510011
47000.0,43177.1699902413
55000.0,65188.645849913955
401000.0,341501.5810335088
32000.0,37466.12818698358
16000.0,14944.807299182303
31000.0,30697.09194601611
235000.0,267000.82046497834
15000.0,17432.89036642873
38000.0,48639.29196326668
301000.0,334341.36952599086
43000.0,43638.80234109655
33000.0,31551.991643240326
35000.0,22748.201448090385
401000.0,344237.8131474836
322000.0,334341.36952599086
301000.0,448715.86595508555
308000.0,314819.0807261303
325000.0,361141.1741941013
13000.0,13764.565437014657
1010000.0,1379923.5052540053
32000.0,18484.794849661797
401000.0,352008.1843590374
45000.0,36872.96104836613
20000.0,28480.340763063625
301000.0,284083.547145633
30000.0,29676.56228497604
301000.0,277447.1989107117
15000.0,19493.280468186946
40000.0,42908.539217365586
50000.0,41892.47080174289
53500.0,54496.25741948826
50000.0,35057.535917303256
90000.0,77474.27105604936
861999.9999999999,513983.9941729313
25000.0,34645.566350395915
301000.0,290643.47713316954
235000.0,286167.2091178055
25000.0,105559.91305916307
60000.0,65306.265151515116
301000.0,300954.40773136844
55000.0,46882.674178421905
401000.0,502507.88371690153
14000.0,18383.463320929324
301000.0,360427.19179491885
53000.0,55796.50178627038
235000.0,283005.65868690074
301000.0,337225.3904974425
48000.0,40898.89529480385
301000.0,295317.65908252075
1548000.0,1451717.3315573316
301000.0,374606.3272333304
235000.0,280671.4049667615
301000.0,335290.4991580754
45000.0,42926.81779005403
7500.0,7533.558862433861
35000.0,26182.8258343196
45000.0,41814.25471910488
10000.0,12898.748234190703
652000.0,460135.9519383171
301000.0,295276.3085514454
301000.0,277447.1989107117
30000.0,29715.124008269428
235000.0,286843.813985268
38000.0,34165.51877385247
301000.0,360482.87002669036
12000.0,16455.56138822523
301000.0,319124.36146317644
8000.0,7340.77142857143
13000.0,15952.398738678734
849000.0,449179.87029371015
401000.0,343382.7456705141
18000.0,11418.668049295477
235000.0,291910.5603048309
38000.0,30848.143146883598
491000.0,425741.35995312996
40000.0,40392.27965023198
310000.0,370815.65924656304
54500.0,54496.25741948826
301000.0,274315.4675679518
546000.0,450549.0259965227
85000.0,92573.0932486583
55000.0,29022.122267157323
140000.0,126689.6851882417
401000.0,503049.0931274014
301000.0,380883.88250369567
38000.0,38992.000795901695
301000.0,295730.7504942222
401000.0,450549.0259965227
308000.0,294271.00568819704
319000.0,306484.7946427155
401000.0,513865.1964651868
401000.0,445950.30072026985
401000.0,337225.3904974425
235000.0,280671.4049667615
12000.0,14833.737047825527
322000.0,343382.7456705141
20000.0,18454.681076659315
250000.0,182169.8081460622
125000.0,125043.05555555555
21000.0,23540.660333493674
504000.0,346403.36512973165
301000.0,286465.5762368117
18000.0,24335.366164813084
17000.0,18606.35389474225
23000.0,24671.41250799499
75000.0,68555.4019220918
8000.0,12345.028882566818
301000.0,316355.9188155196
42000.0,47977.02000664786
305000.0,255622.2146087257
35001.0,33901.42654990304
301000.0,290643.47713316954
75000.0,80754.11939563701
18000.0,16538.660843076723
301000.0,280671.4049667615
301000.0,334009.3776581477
404000.0,345730.46942892333
200999.99999999997,255622.2146087257
10000.0,21170.380365581957
44000.0,32694.603169108275
20000.0,24152.7092771979
401000.0,450549.0259965227
546000.0,361524.01463868486
18000.0,22929.460520922315
150000.0,77499.02000624336
40000.0,29489.164132251546
29500.0,26482.125241975842
401000.0,343239.3054529016
741000.0,449886.62177781004
310000.0,450549.0259965227
41999.0,55176.66772263795
48000.0,70012.91248127568
135000.0,116727.2718115218
7500.0,9613.255190933918
1019999.9999999999,1252119.5357591466
22000.0,20255.42559433318
23000.0,10921.069085950481
301000.0,317897.5512093226
11000.0,15280.101166889053
35000.0,39103.32009429237
235000.0,274315.4675679518
220000.00000000003,69150.49708742635
18000.0,32878.50178550499
185000.0,89736.75730781905
4500.0,15076.336732633676
19500.0,18460.98036984839
308000.0,271589.9448421948
95000.0,76787.98147131717
50000.0,50414.31516039878
301000.0,343382.7456705141
40000.0,42572.69052820841
308000.0,314579.160646941
25000.0,23518.947272506415
30000.0,30170.866046093517
350000.0,243945.63695069292
90000.0,76750.95394337202
70000.0,78444.36211693712
65000.0,63825.344779858555
401000.0,312385.5891155298
30000.0,29700.80071509085
125000.0,76130.13424323128
549000.0,452587.78337295464
401000.0,489680.0285631874
301000.0,353922.9355154827
546000.0,450549.0259965227
20000.0,24042.735735632265
301000.0,370528.5164708137
29000.0,26072.55497581395
401000.0,319123.55779665866
310000.0,361524.01463868486
235000.0,268575.91785660986
140000.0,185585.72569272207
37015.0,37376.6519618857
301000.0,295730.7504942222
365000.0,337819.2913540609
45000.0,51418.5435318252
401000.0,379669.89991891786
15000.0,17090.237576767362
212000.0,337936.0815718921
842000.0,517027.2459108929
18700.0,19378.40345828452
26000.0,24251.377598144478
301000.0,286465.5762368117
301000.0,285769.2440538895
401000.0,450549.0259965227
85000.0,121114.96998991768
90000.0,78711.69662362926
301000.0,318268.98147776054
310000.0,312549.6244067205
25000.0,26046.82655240265
480999.99999999994,498256.15219994175
24000.0,25795.250600229392
301000.0,488155.18433713925
234000.0,304211.27531827294
301000.0,284792.2180483863
235000.0,304211.27531827294
7000.0,8956.407683982681
301000.0,332044.9713796381
21500.0,23817.255666585705
18000.0,15158.129961527717
401000.0,404759.6082832636
30000.0,34527.7723383669
51000.0,44301.586242465746
65000.0,41419.90548024416
401000.0,323010.44234887237
601000.0,501518.9577442984
125000.0,125043.05555555555
15000.0,17209.690678853574
301000.0,451981.4970712331
38000.0,42790.81398135301
352000.0,361516.85162371927
45000.0,42337.3960568214
40000.0,41766.55757707221
18000.0,16750.905984018038
9000.0,10854.068604933862
150000.0,161845.94871353675
95000.0,51515.03962888044
7000.0,25087.645591503864
401000.0,370815.65924656304
301000.0,304689.5729427098
235000.0,285968.08514286607
301000.0,284768.3535892077
110000.00000000001,119584.03971051035
28000.0,46676.58813414676
27000.0,26657.15683136321
325000.0,283260.7798361591
32500.0,31484.770784423825
24000.0,26109.592297109877
10000.0,8308.34392153217
204000.0,274315.4675679518
546000.0,444268.8350283394
50000.0,53574.19477209062
540000.0,584577.5666733185
18000.0,24161.0876102749
38000.0,49992.096243783606
564000.0,451654.95233112486
301000.0,384636.1226644178
22000.0,26039.552682097295
301000.0,328988.149658162
20000.0,19277.387044224943
649000.0,390566.25422477984
401000.0,503049.0931274014
22000.0,25935.25608465222
301000.0,286843.813985268
40000.0,35299.646701240235
72000.0,61677.61323730338
564000.0,450549.0259965227
12000.0,11780.29450493025
301000.0,396317.7081221883
401000.0,286353.96008539764
235000.0,276166.6955019984
55000.0,59768.87502752972
1101000.0,1379923.5052540053
362000.0,330061.9269071498
33500.0,30207.64025852204
14000.0,15882.591824867595
25000.0,26263.074063639644
401000.0,361516.85162371927
80000.0,63968.15887150146
150000.0,98971.3919466797
401000.0,384636.1226644178
404000.0,341501.5810335088
55000.0,115705.30571899135
350000.0,275755.2867965368
22000.0,59640.872916807086
45000.0,33031.57042185614
540000.0,589828.934101181
305000.0,341095.7277434195
200999.99999999997,295730.7504942222
20000.0,17697.414978568162
549000.0,503049.0931274014
401000.0,351687.99101439293
45000.0,42926.81779005403
11000.0,17059.53317403978
301000.0,336469.5282603981
301000.0,274315.4675679518
26000.0,26363.93327910123
40000.0,51603.93423672357
26000.0,30335.18052340503
17000.0,20254.116546458255
301000.0,330943.9923128619
301000.0,337595.44798761304
42000.0,37223.71019142616
20000.0,20688.007590629604
504000.0,450549.0259965227
285000.0,311575.59181477746
39000.0,38001.81493310742
235000.0,280671.4049667615
38000.0,41647.483865955386
504000.0,497780.8051689093
40000.0,78711.69662362926
301000.0,277447.1989107117
140000.0,93155.85255784263
35000.0,52811.47264725628
401000.0,285968.08514286607
401000.0,396317.7081221883
310000.0,288239.2734236277
301000.0,343852.9748141275
21800.0,35066.15697646842
546000.0,503049.0931274014
27000.0,52143.62127340264
7300.0,7546.9694233286955
409999.99999999994,450549.0259965227
30000.0,18484.794849661797
546000.0,501518.9577442984
504000.0,379969.8503096524
40000.0,45397.88143641021
30000.0,53155.591842336304
1011999.9999999999,1562444.2813716794
50000.0,36872.018514069874
35000.0,26559.157081623867
55000.0,45437.88442559233
401000.0,462220.72439736815
401000.0,312385.5891155298
301000.0,339036.63238347217
23000.0,21767.62718793504
401000.0,380883.88250369567
301000.0,336469.5282603981
10400.0,12868.97132230603
25000.0,14754.85740255349
22000.0,21950.22268788081
350000.0,202563.7433397903
301000.0,339338.3613102392
301000.0,313723.22048128943
274000.0,276459.56832645746
549000.0,450494.4558743312
42000.0,51515.03962888044
70000.0,72686.6233404913
110000.00000000001,128280.69509194513
404000.0,330943.9923128619
235000.0,277447.1989107117
301000.0,335290.4991580754
301000.0,327866.5505542404
546000.0,503049.0931274014
37000.0,36143.30141261169
401000.0,307788.6381327626
235000.0,265961.7538791809
65000.0,63858.741008055134
401000.0,380653.93928804813
25000.0,26088.061428964465
25000.0,31358.062696169807
301000.0,317897.5512093226
404000.0,294627.0362656118
235000.0,304475.9813792854
301000.0,362575.35597628745
14000.0,17480.063670449177
235000.0,312385.5891155298
11000.0,12006.021200765053
50000.0,49963.611494404286
52000.0,62614.721741904825
160000.0,131248.15197762835
30000.0,34542.8341674539
12000.0,16866.725825033907
301000.0,449735.0192619547
301000.0,279368.69934413413
120000.0,83241.0914868267
35000.0,29842.788725718972
235000.0,332044.9713796381
401000.0,337752.6383330499
301000.0,273534.2273268841
270000.0,214213.5737873237
34500.0,30962.837681073768
25000.0,25355.40653937526
22000.0,24708.150245356406
56000.0,78711.69662362926
13000.0,13884.659961139529
301000.0,462220.72439736815
55000.0,61677.61323730338
404000.0,448444.6440301636
75000.0,73997.06650414686
20000.0,20936.436684822405
504000.0,370815.65924656304
27000.0,24916.683303717688
401000.0,353922.9355154827
19100.0,18884.33154309346
18000.0,36741.97528286072
362000.0,286843.813985268
150000.0,173753.36286398786
546000.0,449886.62177781004
401000.0,498256.15219994175
55000.0,107021.6513062101
301000.0,286465.5762368117
42000.0,39974.75935745828
60000.0,65010.30260943613
401000.0,338679.51603294467
235000.0,281585.0033832645
235000.0,283005.65868690074
28000.0,26559.157081623867
235000.0,283260.7798361591
540000.0,488155.18433713925
50000.0,69145.33609908611
16000.0,15448.358426263438
9000.0,10678.851826775075
35000.0,40381.36287390319
48000.0,77115.8259705172
15000.0,15721.923654267024
20000.0,20081.85308184837
301000.0,276166.6955019984
25000.0,25408.95765441517
45000.0,57186.354795825944
13000.0,21666.933182709734
301000.0,503049.0931274014
10000.0,11639.070593193843
301000.0,343852.9748141275
45000.0,54171.14537335183
301000.0,279368.69934413413
301000.0,290643.47713316954
640000.0,504001.20603144966
750000.0,1173158.7600272673
60000.0,64372.97375765926
13000.0,15696.106216088863
401000.0,503049.0931274014
1101000.0,1309743.4110588057
20000.0,20688.007590629604
114999.99999999999,81502.74208185691
381000.0,380883.88250369567
235000.0,277447.1989107117
55000.0,56087.38698809922
321000.0,322363.10301668436
16500.0,14816.243090668584
15000.0,19966.601503367005
22000.0,17756.542223475954
301000.0,510578.92913273774
16000.0,14944.807299182303
301000.0,309007.98269918223
35000.0,34655.66756827077
301000.0,312385.5891155298
325000.0,281060.18342768325
32000.0,22724.770940502003
325000.0,337225.3904974425
65000.0,123537.06012506016
401000.0,503459.9966209498
33000.0,35355.95927077964
75000.0,60578.96494147278
28500.0,34964.474844961296
38000.0,39291.38656138667
18000.0,18367.878795728182
401000.0,302549.7591321925
270000.0,214213.5737873237
25000.0,32475.974343633137
301000.0,502507.88371690153
301000.0,317341.70954804687
235000.0,313462.6254464431
28000.0,29491.621778699893
640000.0,451981.4970712331
301000.0,375788.2886444209
70000.0,76823.98059949312
362000.0,451517.4927326085
24000.0,27545.826756968603
75000.0,71933.08016813704
459000.0,396317.7081221883
1411000.0,1309743.4110588057
92000.0,84375.0284609686
401000.0,450549.0259965227
301000.0,337752.6383330499
310000.0,339320.978517554
254000.0,319124.36146317644
301000.0,311823.6956830575
35000.0,42030.346813024604
235000.0,274315.4675679518
50000.0,52606.16208934959
20000.0,19132.102416268765
640000.0,451981.4970712331
16000.0,12350.486819625065
301000.0,295730.7504942222
235000.0,286167.2091178055
7000.0,8271.835010582015
20000.0,25153.771011654324
33000.0,41452.236841197846
301000.0,314404.7749125584
381000.0,280671.4049667615
150000.0,165237.83869748487
30000.0,30876.04017554829
50000.0,49128.52331900494
7000.0,13590.044949786812
1212000.0,1209646.232776483
401000.0,489300.03759987734
23500.0,31910.31910586862
120000.0,114305.58744128393
90000.0,124572.55597192682
13000.0,13764.565437014657
301000.0,295730.7504942222
20000.0,12403.467692505044
301000.0,349889.74429513974
235000.0,285968.08514286607
235000.0,283005.65868690074
401000.0,302577.8089342314
150000.0,137944.6762830357
301000.0,337752.6383330499
25000.0,32879.61278341301
55000.0,111373.04033932374
301000.0,380883.88250369567
546000.0,1375866.8621378615
301000.0,339550.26316577644
15000.0,25087.645591503864
30000.0,35747.99213757584
308000.0,264508.3276890266
65000.0,41097.94471412739
30000.0,22577.562163591305
5800.0,7850.818133386447
34000.0,29676.800394325684
14000.0,14967.160516909724
50000.0,38493.713520556674
26000.0,37195.817078568456
16000.0,17320.600978272647
38000.0,34272.223551976116
20000.0,27315.06652928352
18000.0,17267.88291525408
301000.0,279368.69934413413
252999.99999999997,334983.8571642138
65000.0,71773.8385912309
20000.0,24570.01245093916
23000.0,24570.01245093916
9000.0,11130.91437709675
1019999.9999999999,1667812.1233766242
1011000.0,1309743.4110588057
22000.0,23718.486342940472
301000.0,275310.35711930203
16000.0,19349.610495228102
48800.0,35031.17876692894
301000.0,293576.41034611297
301000.0,283005.65868690074
14000.0,13762.137226116998
25000.0,26329.52657821103
17200.0,14596.084900785278
90000.0,100731.68264818644
100000.0,82016.66416775617
235000.0,286167.2091178055
401000.0,450549.0259965227
16000.0,20196.293611377794
546000.0,450379.9059956688
42000.0,54171.14537335183
401000.0,295730.7504942222
80000.0,49992.096243783606
25000.0,25194.780518853742
18000.0,27617.014888631318
401000.0,379669.89991891786
35000.0,32709.404639683293
18500.0,19132.102416268765
401000.0,323010.44234887237
42000.0,38301.05683671449
849000.0,1034393.3002208835
401000.0,380883.88250369567
549000.0,502086.65130988986
25500.0,26041.98716042873
8500.0,10102.442368373913
30000.0,40099.65663089194
301000.0,276166.6955019984
1230000.0,1330526.5018923434
40000.0,38849.417314603124
401000.0,396317.7081221883
301000.0,451440.716825095
301000.0,315894.21252713964
290000.0,178082.10796148295
40000.0,21658.076185581776
235000.0,273626.4246346805
301000.0,281301.5314179374
18000.0,17371.68577564182
22000.0,36749.440549669795
235000.0,313151.20768193423
23000.0,19064.74846081332
12000.0,13884.659961139529
42000.0,40392.27965023198
12000.0,25743.342405409636
60000.0,49842.134466597985
60000.0,79374.22095860884
301000.0,298448.3889740021
8000.0,8023.877380952385
16000.0,15209.816571617825
21000.0,23540.660333493674
301000.0,286465.5762368117
235000.0,287336.5693847526
325000.0,330943.9923128619
55000.0,50357.203380605286
60000.0,51522.7677119748
14000.0,19753.979154662826
140000.0,126689.6851882417
24000.0,18431.41914592609
235000.0,263897.8245261376
401000.0,337752.6383330499
46000.0,42572.69052820841
401000.0,344344.94327367714
60000.0,53428.537517369296
38000.0,38992.000795901695
235000.0,288932.28140823235
252999.99999999997,279368.69934413413
85000.0,85973.33889606633
25000.0,25652.828167420088
12000.0,17456.174042851086
301000.0,304211.27531827294
12000.0,11949.875355421575
27000.0,14306.605804473305
401000.0,451725.2764219749
52000.0,52210.93666750761
55000.0,111373.04033932374
24000.0,24733.04608282209
65000.0,135593.2215564937
40000.0,38113.40784026585
504000.0,503049.0931274014
704000.0,494882.53162822686
252999.99999999997,319844.9284977928
401000.0,450549.0259965227
1162000.0,1603007.9433899433
16800.0,18350.388347049444
40000.0,89245.41895942876
301000.0,323010.44234887237
401000.0,449886.62177781004
160000.0,58746.39384504817
23000.0,17267.88291525408
301000.0,312385.5891155298
70000.0,53428.537517369296
1400000.0,653305.6351589407
625000.0,450085.02165789815
17000.0,18884.33154309346
235000.0,293452.68537935585
1741000.0,1493566.569686477
504000.0,517027.2459108929
20000.0,17480.063670449177
16000.0,13935.272909139534
301000.0,340133.0511437355
301000.0,295276.3085514454
16500.0,17911.647835479343
20000.0,25037.179829801906
40000.0,41766.55757707221
301000.0,589828.934101181
640000.0,504001.20603144966
150000.0,149044.96083465774
42000.0,33534.42052430832
301000.0,314591.2936584466
41500.0,38992.000795901695
504000.0,497780.8051689093
7000.0,25087.645591503864
20000.0,23334.648854397426
35000.0,35762.77789055006
301000.0,323010.44234887237
20000.0,18020.077383187538
27000.0,25484.227428945702
401000.0,503459.9966209498
401000.0,488155.18433713925
15000.0,13002.387186858425
301000.0,353922.9355154827
21000.0,20584.50431669451
301000.0,360048.1053471057
15000.0,22804.29253011476
15000.0,12752.092549428815
26000.0,18290.40131226147
90000.0,70084.9567857259
30000.0,25491.51368935137
301000.0,337225.3904974425
95000.0,203085.7399368166
38000.0,37213.017909121205
404000.0,501518.9577442984
310000.0,136018.59481983396
22000.0,24824.828245263612
404000.0,450347.9983298729
301000.0,285968.08514286607
50000.0,42590.93940629085
85000.0,113780.7479824384
200999.99999999997,274315.4675679518
301000.0,268068.6667036666
23000.0,26644.44063648575
235000.0,283005.65868690074
45000.0,37229.175647901044
401000.0,275922.2331434314
401000.0,336469.5282603981
22000.0,25308.46800708447
401000.0,449886.62177781004
17000.0,17110.465017449456
301000.0,458968.91225919384
18000.0,15324.701180772434
45000.0,38946.37179966549
301000.0,286843.813985268
256000.0,288932.28140823235
23000.0,24986.530535595626
11000.0,13545.637485088986
1111000.0,1248928.6770914267
1010000.0,1562444.2813716794
42000.0,39699.105177425576
16000.0,18161.880955066586
32000.0,30754.77727888282
100000.0,84297.56957885192
246000.0,277447.1989107117
25600.0,30801.958278643906
301000.0,449179.87029371015
75000.0,58955.580542705604
100000.0,102680.94788923065
504000.0,503049.0931274014
401000.0,451981.4970712331
24000.0,24612.690328345107
504000.0,370815.65924656304
18000.0,19698.191246448565
401000.0,343382.7456705141
15000.0,17865.814389712996
401000.0,379669.89991891786
420000.0,344036.5092908441
7000.0,16370.50221165553
500000.0,453805.6364886304
25000.0,25137.347551405568
45300.0,92769.37362454507
150000.0,348198.70546280546
10000.0,12851.449470899475
120000.0,230874.24404084697
301000.0,269655.6136973824
301000.0,298945.0072155903
235000.0,280671.4049667615
301000.0,450549.0259965227
310000.0,444268.8350283394
401000.0,502086.65130988986
31000.0,26072.55497581395
229999.99999999997,295276.3085514454
15000.0,10275.868885691696
301000.0,360939.32097607665
45000.0,36332.615833148375
640000.0,517027.2459108929
235000.0,315894.21252713964
60000.0,64372.97375765926
15000.0,17480.063670449177
20000.0,24152.7092771979
301000.0,283005.65868690074
301000.0,334983.8571642138
10000.0,18045.70310752586
65000.0,49131.200356445646
450000.0,503049.0931274014
40000.0,42572.69052820841
45000.0,92769.37362454507
20000.0,19870.996126759506
42000.0,81941.69073042388
35000.0,37898.650015227875
85000.0,139659.25030231214
25000.0,32149.885007768542
401000.0,450379.9059956688
18000.0,16538.475716960096
301000.0,341593.92277374427
80000.0,479760.9939915143
401000.0,450549.0259965227
301000.0,286843.813985268
100000.0,94526.43602601338
30001.0,34229.387024904885
401000.0,320497.03132988565
504000.0,450549.0259965227
7000.0,9333.44997343906
55000.0,43958.53284619071
20000.0,21136.38504305753
90000.0,96537.9192267835
23000.0,24916.683303717688
564000.0,345730.46942892333
24000.0,33897.44268137315
235000.0,304211.27531827294
20000.0,16067.693720238098
50000.0,47977.02000664786
301000.0,396317.7081221883
301000.0,341593.92277374427
9000.0,10102.442368373913
25000.0,24552.409986561303
45000.0,49392.288743081524
504000.0,396317.7081221883
401000.0,484548.3649621994
50000.0,49374.90344530029
301000.0,370109.7780862126
235000.0,286465.5762368117
301000.0,312385.5891155298
30000.0,26048.959933655777
13000.0,16155.552449412398
15000.0,19499.079229537514
12000.0,12216.440061327563
29000.0,20346.114819045928
55000.0,60587.979031952185
401000.0,332044.9713796381
40000.0,42231.362901201406
301000.0,319844.9284977928
43000.0,55129.62876315703
640000.0,451981.4970712331
8000.0,8225.910593736478
301000.0,293452.68537935585
85000.0,89114.10138855301
235000.0,404759.6082832636
301000.0,319875.21699908853
265000.0,282068.52668619534
300000.0,299552.08381433383
14000.0,14944.807299182303
640000.0,450549.0259965227
24000.0,16237.292003507568
301000.0,327866.5505542404
235000.0,279368.69934413413
2010000.0000000002,1209646.232776483
301000.0,306922.13084900717
18000.0,18521.00313839021
90000.0,73763.86791911787
235000.0,312549.6244067205
42000.0,36564.38607502893
37001.0,37376.6519618857
546000.0,504001.20603144966
362000.0,317897.5512093226
404000.0,444268.8350283394
301000.0,275995.50434459763
301000.0,274315.4675679518
301000.0,343852.9748141275
219000.0,319124.36146317644
301000.0,290643.47713316954
12000.0,16603.43550357904
29500.0,26072.55497581395
30000.0,30568.739651959968
10000.0,11558.789832215229
30000.0,36612.14526802258
12000.0,12363.290764542915
301000.0,343852.9748141275
401000.0,456155.07488098316
42000.0,43177.1699902413
301000.0,364284.0995889672
20000.0,24498.035769786235
362000.0,295317.65908252075
45000.0,46103.80885234627
310000.0,293452.68537935585
301000.0,276166.6955019984
401000.0,503049.0931274014
401000.0,450549.0259965227
362000.0,242492.27309673443
235000.0,274315.4675679518
35000.0,29758.106607369667
10500.0,12957.794286998367
301000.0,326084.32392293017
325000.0,312385.5891155298
7500.0,18226.238708796314
14500.0,14645.308950245942
25000.0,13070.602870334917
175000.0,105807.93485393998
18000.0,26015.732238103545
16000.0,16868.418845142547
301000.0,320715.4539087786
359000.0,350659.972468161
301000.0,319875.21699908853
15000.0,15324.701180772434
541000.0,492207.8671744792
731000.0,504001.20603144966
704000.0,494437.4142566073
546000.0,362197.7419040214
321000.0,280671.4049667615
6000.0,7795.243072751325
849000.0,519736.46012556343
325000.0,388966.6705031739
28000.0,29534.01726296878
23000.0,27970.492526841444
45000.0,35201.99152478984
304000.0,281585.0033832645
55000.0,57389.52054626404
50000.0,53186.58075247704
235000.0,296992.53034919273
803999.9999999999,503049.0931274014
587000.0,521417.41187635134
1549000.0,1330526.5018923434
235000.0,327866.5505542404
308000.0,320497.03132988565
7500.0,10649.24583771784
546000.0,452091.1564812709
150000.0,55176.66772263795
1548000.0,1301936.8194794995
25000.0,28528.3778903441
350000.0,384625.5719726781
401000.0,492167.5013742904
35000.0,24494.268863825975
301000.0,306922.13084900717
35000.0,38493.713520556674
24000.0,26952.091051320458
32000.0,32913.58607440121
325000.0,449628.4330999455
50000.0,35057.535917303256
546000.0,503049.0931274014
20000.0,24504.413712927046
301000.0,277447.1989107117
409999.99999999994,379669.89991891786
32000.0,18484.794849661797
12000.0,18221.948771685966
404000.0,344151.43078332493
1010000.0,1294088.473284341
401000.0,492785.306992152
401000.0,449886.62177781004
235000.0,286465.5762368117
301000.0,360001.011820293
40000.0,37223.71019142616
401000.0,344344.94327367714
504000.0,503049.0931274014
28000.0,24334.47960720935
11000.0,15142.212230515841
100000.0,66836.45999429771
235000.0,273626.4246346805
27000.0,26041.98716042873
401000.0,379669.89991891786
704000.0,451654.95233112486
45000.0,42926.81779005403
15000.0,11249.169263982474
29500.0,43719.503921430696
308000.0,338058.7043914335
401000.0,448444.6440301636
325000.0,445950.30072026985
9000.0,8802.861849330371
